prompt_id,difficulty_level
1,1
2,1
3,1
4,1
5,1
6,2
7,1
8,1
9,2
10,1
11,3
12,2
13,5
14,3
15,2
16,2
17,2
18,2
19,2
20,1
21,2
22,2
23,2
24,5
25,5
26,4
27,2
28,3
29,4
30,5
31,3
32,1
33,2
34,3
35,4
36,3
37,2
38,2
39,1
40,2
41,1
42,2
43,2
44,2
45,1
46,1
47,2
48,5
49,1
50,1
51,1
52,1
53,2
54,2
55,1
56,1
57,2
58,2
59,1
60,1
61,2
62,2
63,2
64,2
65,2
66,2
67,2
68,2
69,2
70,1
71,1
72,1
73,1
74,1
75,1
76,1
77,2
78,2
79,1
80,1
81,1
82,2
83,2
84,1
85,2
86,1
87,1
88,1
89,1
90,1
91,1
92,2
93,1
94,2
95,2
96,1
97,2
98,2
99,3
100,4
101,2
102,1
103,1
104,2
105,2
106,2
107,2
108,1
109,1
110,1
111,2
112,2
113,2
114,1
115,1
116,1
117,1
118,2
119,2
120,2
121,3
122,3
123,2
124,4
125,5
126,2
127,2
128,3
129,1
130,2
131,2
132,1
133,2
134,1
135,1
136,1
137,1
138,1
139,2
140,2
141,1
142,2
143,3
144,2
145,3
146,1
147,1
148,1
149,1
150,1
151,4
